,Name_of_Belt,Actual_Price,Save,Current_Price
0,WWE Winged Eagle Championship Replica Title Belt,$429.99$42999,$107.50$10750,$322.49$32249
1,WWE World Heavyweight Championship Retro Replica Title Belt,$429.99$42999,$107.50$10750,$322.49$32249
2,WWE World Heavyweight Championship Replica Title Belt,Actual Price Not Found,Savings Not Found,$499.99$49999
3,WWE Championship Spinner Replica Title Belt,$499.99$49999,$125.00$12500,$374.99$37499
4,WWE Championship Replica Title Belt,$449.99$44999,$141.25$14125,$308.74$30874
5,WWE Attitude Era Championship Replica Title Belt,$429.99$42999,$107.50$10750,$322.49$32249
6,WWE Women's World Championship Replica Title Belt,$499.99$49999,$125.00$12500,$374.99$37499
7,The Undertaker 30 Years Signature Series Championship Replica Title Belt,$499.99$49999,$125.00$12500,$374.99$37499
8,Undisputed WWE Universal Championship Replica Title Belt,Actual Price Not Found,Savings Not Found,$499.99$49999
9,WWE World Heavyweight Championship Commemorative Title Belt,$249.99$24999,$62.50$6250,$187.49$18749
10,Blue Universal Championship Replica Title Belt,$449.99$44999,$141.25$14125,$308.74$30874
11,WWE Championship-Commemorative Title Belt,$249.99$24999,$60.00$6000,$189.99$18999
12,WWE United States Championship Replica Title Belt,$499.99$49999,$125.00$12500,$374.99$37499
13,WWE Big Gold World Heavyweight Championship Replica Title Belt,Actual Price Not Found,Savings Not Found,$449.99$44999
14,WWE Million Dollar Championship Replica Title Belt,$449.99$44999,$112.50$11250,$337.49$33749
15,WWE Winged Eagle Dual Plated Championship Replica Title Belt,$429.99$42999,$145.00$14500,$284.99$28499
16,"""Stone Cold"" Steve Austin Smoking Skull Championship Replica Title Belt",$429.99$42999,$107.50$10750,$322.49$32249
17,WWE Undisputed Championship Replica Title Belt,$429.99$42999,$107.50$10750,$322.49$32249
18,New York Yankees WWE Championship Replica Title Belt,$549.99$54999,$137.50$13750,$412.49$41249
19,Blue Universal Championship Commemorative Title Belt,$249.99$24999,$107.50$10750,$142.49$14249
20,''Hollywood'' Hulk Hogan nWo Signature Series Championship Replica Title Belt,$499.99$49999,$125.00$12500,$374.99$37499
21,John Cena Spinner United States Championship Replica Title Belt,$449.99$44999,$185.90$18590,$264.09$26409
22,WWE Attitude Era Intercontinental Championship Replica Title Belt,$399.99$39999,$100.00$10000,$299.99$29999
23,Dallas Cowboys WWE Legacy Title Belt,Actual Price Not Found,Savings Not Found,$549.99$54999
24,San Francisco 49ers WWE Legacy Title Belt,Actual Price Not Found,Savings Not Found,$549.99$54999
25,Shawn Michaels Legacy Championship Title Belt,$749.99$74999,$187.50$18750,$562.49$56249
26,Blue WWE Big Eagle Championship Replica Title Belt,$449.99$44999,$112.50$11250,$337.49$33749
27,The Ultimate Warrior Signature Series Championship Replica Title Belt,$499.99$49999,$189.35$18935,$310.64$31064
28,WWE Women's Championship Replica Title Belt,$499.99$49999,$125.00$12500,$374.99$37499
29,John Cena Signature Series Championship Replica Title Belt,$499.99$49999,$125.00$12500,$374.99$37499
30,WWE RAW Tag Team Championship Replica Title Belt,$399.99$39999,$100.00$10000,$299.99$29999
31,The Undertaker 30 Years Signature Series Championship Mini Title Belt,$149.99$14999,$37.50$3750,$112.49$11249
32,Rhea Ripley Replica Side Plate Box Set,$99.99$9999,$25.00$2500,$74.99$7499
33,"Seth ""Freakin"" Rollins Sing My Song Championship Replica Side Plate Box Set",$99.99$9999,$25.00$2500,$74.99$7499
34,ECW World Heavyweight Championship Replica Title Belt,$399.99$39999,$100.00$10000,$299.99$29999
35,Roman Reigns Championship Replica Side Plate Box Set,$99.99$9999,$25.00$2500,$74.99$7499
36,nWo Spray Paint WCW Championship Replica Title Belt,$429.99$42999,$107.50$10750,$322.49$32249
37,WCW United States Championship Replica Title Belt,$429.99$42999,$142.15$14215,$287.84$28784
38,WWE RAW Ruthless Aggression World Tag Team Championship Replica Title Belt,$429.99$42999,$189.65$18965,$240.34$24034
39,WWE Championship Title Hanger,$24.99$2499,$6.25$625,$18.74$1874
40,Purple WWE Winged Eagle Championship Replica Title Belt,$449.99$44999,$162.15$16215,$287.84$28784
41,WWE SmackDown Women's Championship Replica Title Belt,$429.99$42999,$121.25$12125,$308.74$30874
42,Philadelphia Eagles WWE Legacy Title Belt,Actual Price Not Found,Savings Not Found,$549.99$54999
43,Blue Universal Championship Kids Replica Title Belt,$249.99$24999,$93.25$9325,$156.74$15674
44,Minnesota Vikings WWE Legacy Title Belt,Actual Price Not Found,Savings Not Found,$549.99$54999
45,WCW World Heavyweight Championship Replica Title Belt,$429.99$42999,$162.10$16210,$267.89$26789
46,Las Vegas Raiders WWE Legacy Title Belt,Actual Price Not Found,Savings Not Found,$549.99$54999
47,Kansas City Chiefs WWE Legacy Title Belt,Actual Price Not Found,Savings Not Found,$549.99$54999
48,"""Stone Cold"" Steve Austin Smoking Skull Championship Mini Replica Belt",$69.99$6999,$17.50$1750,$52.49$5249
49,RAW and SmackDown Spinner WWE Championship Replica Side Plate Box Set,$124.99$12499,$31.25$3125,$93.74$9374
50,NXT 2.0 Championship Replica Title Belt,$429.99$42999,$107.50$10750,$322.49$32249
51,WWE SmackDown Tag Team Championship Replica Title Belt,$399.99$39999,$100.00$10000,$299.99$29999
52,WWE Hardcore Championship Replica Title Belt,$449.99$44999,$169.75$16975,$280.24$28024
53,WWE Championship Title Display Stand,$44.99$4499,$11.25$1125,$33.74$3374
54,Blue WWE Winged Eagle Championship Replica Title Belt,$399.99$39999,$151.10$15110,$248.89$24889
55,White WWE Winged Eagle Championship Replica Title Belt,$449.99$44999,$162.15$16215,$287.84$28784
56,The Brothers of Destruction Signature Series Replica Title Belt,$499.99$49999,$189.35$18935,$310.64$31064
57,WWE Attitude Era World Tag Team Championship Replica Title Belt,$399.99$39999,$159.65$15965,$240.34$24034
58,Detroit Lions WWE Legacy Title Belt,Actual Price Not Found,Savings Not Found,$549.99$54999
59,WWE RAW Women's Championship Replica Title Belt,$429.99$42999,$121.25$12125,$308.74$30874
60,WWE SmackDown Ruthless Aggression Tag Team Championship Replica Title Belt,$429.99$42999,$165.90$16590,$264.09$26409
61,Andre the Giant World Heavyweight Championship Replica Title Belt,$499.99$49999,$180.80$18080,$319.19$31919
62,Miami Dolphins WWE Legacy Title Belt,Actual Price Not Found,Savings Not Found,$549.99$54999
63,Hulk Hogan Signature Series Championship Replica Title Belt,$499.99$49999,$125.00$12500,$374.99$37499
64,Edge 25th Anniversary Signature Series Replica Title Belt,$499.99$49999,$164.65$16465,$335.34$33534
65,NXT 2.0 Women's Championship Replica Title Belt,$429.99$42999,$107.50$10750,$322.49$32249
66,WWE Championship Mini Replica Title Belt,$69.99$6999,$30.10$3010,$39.89$3989
67,Universal Championship Replica Title Belt,$429.99$42999,$213.40$21340,$216.59$21659
68,WWE Championship Spinner Mini Replica Title Belt,$69.99$6999,$17.50$1750,$52.49$5249
69,Boston Red Sox WWE Legacy Title Belt,$549.99$54999,$137.50$13750,$412.49$41249
70,Kane Signature Series Championship Replica Title Belt,$499.99$49999,$189.35$18935,$310.64$31064
71,Buffalo Bills WWE Legacy Title Belt,Actual Price Not Found,Savings Not Found,$549.99$54999
